{
  "project_info": {
    "project_number": "403709780393",
    "firebase_url": "https://emocionapp.firebaseio.com",
    "project_id": "emocionapp",
    "storage_bucket": "emocionapp.appspot.com"
  },
  "client": [
    {
      "client_info": {
        "mobilesdk_app_id": "1:403709780393:android:276d5f0c0f61299efce4b8",
        "android_client_info": {
          "package_name": "com.alumnos.quetal"
        }
      },
      "oauth_client": [
        {
          "client_id": "403709780393-ihtqo79ovdd79gvt830tlk9qicr3iaub.apps.googleusercontent.com",
          "client_type": 3
        }
      ],
      "api_key": [
        {
          "current_key": "AIzaSyAJk6iTM-bGp_hAUjAAs4y5ImsJU3ncYys"
        }
      ],
      "services": {
        "appinvite_service": {
          "other_platform_oauth_client": [
            {
              "client_id": "403709780393-ihtqo79ovdd79gvt830tlk9qicr3iaub.apps.googleusercontent.com",
              "client_type": 3
            }
          ]
        }
      }
    }
  ],
  "configuration_version": "1"
}